subreddit,theme,posts_with_theme,comments_with_theme,total
remotework,rto_forced_return,1067,17896,18963
remotework,general_negative_affect,1943,10807,12750
remotework,job_insecurity_layoffs,991,11187,12178
remotework,quitting_escape,737,8452,9189
remotework,mental_health,792,3750,4542
remotework,micromanagement_surveillance,467,3702,4169
remotework,toxic_management_culture,284,2597,2881
remotework,burnout_exhaustion,605,1812,2417
remotework,financial_pay,257,1968,2225
remotework,isolation_loneliness,405,1747,2152
remotework,career_stagnation_invisibility,361,1589,1950
remotework,overwork_no_boundaries,254,1598,1852
remotework,meetings_zoom_fatigue,157,1431,1588
remotework,focus_distraction_motivation,181,1335,1516
remotework,physical_health,232,1039,1271
telecommuting,general_negative_affect,8,1,9
telecommuting,mental_health,5,1,6
telecommuting,isolation_loneliness,5,0,5
telecommuting,job_insecurity_layoffs,3,0,3
telecommuting,burnout_exhaustion,1,0,1
telecommuting,focus_distraction_motivation,1,0,1
telecommuting,rto_forced_return,1,0,1
workfromhome,general_negative_affect,125,623,748
workfromhome,mental_health,79,441,520
workfromhome,quitting_escape,38,320,358
workfromhome,physical_health,57,243,300
workfromhome,rto_forced_return,34,218,252
workfromhome,isolation_loneliness,36,203,239
workfromhome,job_insecurity_layoffs,35,198,233
workfromhome,focus_distraction_motivation,38,180,218
workfromhome,burnout_exhaustion,59,155,214
workfromhome,overwork_no_boundaries,31,167,198
workfromhome,micromanagement_surveillance,25,100,125
workfromhome,toxic_management_culture,17,101,118
workfromhome,meetings_zoom_fatigue,6,104,110
workfromhome,financial_pay,10,85,95
workfromhome,career_stagnation_invisibility,12,40,52
