theme,posts_with_theme,comments_with_theme,total
rto_forced_return,1172,18623,19795
general_negative_affect,2289,12232,14521
job_insecurity_layoffs,1162,11884,13046
quitting_escape,860,9200,10060
micromanagement_surveillance,552,7450,8002
mental_health,1000,4559,5559
toxic_management_culture,338,2841,3179
burnout_exhaustion,736,2105,2841
isolation_loneliness,509,2204,2713
financial_pay,307,2215,2522
overwork_no_boundaries,311,1896,2207
career_stagnation_invisibility,415,1701,2116
focus_distraction_motivation,248,1654,1902
meetings_zoom_fatigue,176,1578,1754
physical_health,303,1384,1687
