type,term,count
unigram,can,86620
unigram,office,71106
unigram,company,45651
unigram,home,42588
unigram,it's,38319
unigram,don't,33922
unigram,i'm,32723
unigram,don,31528
unigram,good,28272
unigram,hours,27268
unigram,take,24223
unigram,something,23469
unigram,use,21765
unigram,wfh,20486
unigram,new,20484
unigram,find,20443
unigram,pay,20336
unigram,team,20293
unigram,looking,20188
unigram,companies,20126
unigram,every,19980
unigram,never,19947
unigram,everyone,19855
unigram,someone,19428
unigram,rto,18949
unigram,you're,18199
unigram,done,17024
unigram,well,16831
unigram,better,16795
unigram,experience,16525
unigram,money,16440
unigram,person,16313
unigram,real,15967
unigram,sure,15595
unigram,first,15308
unigram,help,14998
unigram,always,14982
unigram,worked,14907
unigram,start,14720
unigram,around,14567
unigram,without,14521
unigram,keep,14357
unigram,manager,13976
unigram,post,13854
unigram,long,13778
unigram,anyone,13725
unigram,life,13688
unigram,anything,13615
unigram,since,13610
unigram,that's,13527
unigram,i've,13056
unigram,look,13022
unigram,employees,13007
unigram,different,12785
unigram,call,12583
unigram,less,12201
unigram,lol,12167
unigram,meetings,12166
unigram,another,12143
unigram,desk,12066
unigram,care,11987
unigram,etc,11939
unigram,commute,11869
unigram,maybe,11794
unigram,best,11584
unigram,used,11503
unigram,yes,11402
unigram,trying,11397
unigram,meeting,11300
unigram,already,11248
unigram,hour,11177
unigram,try,11128
unigram,come,11118
unigram,away,11040
unigram,give,10899
unigram,last,10794
unigram,role,10786
unigram,teams,10750
unigram,ask,10745
unigram,else,10659
unigram,might,10647
unigram,let,10626
unigram,full,10617
unigram,part,10587
unigram,great,10551
unigram,business,10535
unigram,boss,10308
unigram,lunch,10278
unigram,yeah,10194
unigram,fully,10194
unigram,enough,10186
unigram,point,10151
unigram,remotely,10144
unigram,live,10007
unigram,probably,9988
unigram,tell,9863
unigram,started,9861
unigram,leave,9833
unigram,everything,9803
unigram,data,9801
unigram,paid,9782
unigram,nothing,9732
unigram,using,9716
unigram,management,9614
unigram,hard,9556
unigram,love,9531
unigram,though,9492
unigram,makes,9483
unigram,small,9358
unigram,hybrid,9281
unigram,can't,9206
unigram,put,9188
unigram,workers,9180
unigram,move,9149
unigram,may,9137
unigram,sounds,8976
unigram,end,8875
unigram,works,8850
unigram,making,8845
unigram,problem,8838
unigram,set,8793
unigram,bad,8710
unigram,laptop,8686
unigram,least,8661
unigram,doesn't,8621
unigram,stuff,8546
unigram,ever,8488
unigram,next,8487
unigram,big,8458
unigram,talk,8371
unigram,instead,8321
unigram,reason,8318
unigram,phone,8307
unigram,support,8290
unigram,calls,8271
unigram,please,8264
unigram,free,8179
unigram,either,8178
unigram,little,8172
unigram,doesn,8160
unigram,email,8133
unigram,minutes,8122
unigram,usually,8120
unigram,space,8105
unigram,employee,8076
unigram,personal,8069
unigram,online,8068
unigram,times,8051
unigram,check,7980
unigram,sometimes,7922
unigram,place,7917
unigram,mean,7907
unigram,roles,7870
unigram,reddit,7862
unigram,open,7768
unigram,state,7669
unigram,change,7637
unigram,per,7628
unigram,went,7413
unigram,kind,7266
unigram,understand,7254
unigram,didn't,7249
unigram,didn,7248
unigram,stay,7242
unigram,employer,7168
unigram,position,7165
unigram,house,7150
unigram,honestly,7056
unigram,especially,7044
unigram,hiring,7001
unigram,productivity,6947
unigram,old,6934
unigram,scam,6922
unigram,offer,6914
unigram,thanks,6893
unigram,worth,6873
unigram,room,6867
unigram,others,6857
unigram,based,6838
unigram,skills,6817
unigram,told,6769
unigram,literally,6756
unigram,definitely,6699
unigram,issue,6694
unigram,i'd,6693
unigram,kids,6669
unigram,thank,6653
unigram,isn't,6600
unigram,social,6569
unigram,needed,6545
unigram,outside,6540
unigram,saying,6529
unigram,covid,6514
unigram,shit,6465
unigram,bit,6463
unigram,tasks,6462
unigram,they're,6386
unigram,side,6312
unigram,project,6309
unigram,taking,6289
unigram,quit,6271
unigram,found,6269
unigram,unless,6243
unigram,often,6236
unigram,ago,6231
unigram,isn,6227
unigram,needs,6198
unigram,country,6137
unigram,extra,6124
unigram,exactly,6107
unigram,share,6030
unigram,walk,6028
unigram,whole,5991
unigram,easy,5957
unigram,contract,5957
unigram,family,5954
unigram,tax,5931
unigram,break,5913
unigram,gets,5906
unigram,coffee,5902
unigram,building,5894
unigram,nice,5874
unigram,computer,5872
unigram,salary,5872
unigram,sub,5828
unigram,read,5801
unigram,there's,5742
unigram,thought,5739
unigram,level,5738
unigram,focus,5716
unigram,means,5705
unigram,absolutely,5701
unigram,advice,5670
unigram,productive,5666
unigram,seems,5651
unigram,account,5627
unigram,question,5621
unigram,cost,5607
unigram,case,5600
unigram,managers,5589
unigram,actual,5583
unigram,idea,5555
unigram,market,5551
unigram,asked,5550
unigram,almost,5523
unigram,high,5513
unigram,send,5506
unigram,spend,5501
unigram,asking,5471
unigram,available,5454
bigram,don't care,2917
bigram,real estate,2905
bigram,home office,2841
bigram,good luck,2824
bigram,data entry,2285
bigram,customer service,2078
bigram,social media,1963
bigram,can help,1916
bigram,everyone else,1906
bigram,anyone else,1865
bigram,makes sense,1843
bigram,i'm sure,1697
bigram,someone else,1695
bigram,office space,1678
bigram,can find,1640
bigram,return office,1629
bigram,mental health,1525
bigram,can done,1457
bigram,entry level,1404
bigram,come office,1396
bigram,can use,1346
bigram,every single,1321
bigram,can take,1311
bigram,utm source,1309
bigram,don care,1306
bigram,lunch break,1276
bigram,can tell,1250
bigram,standing desk,1208
bigram,long term,1197
bigram,call center,1177
bigram,start looking,1144
bigram,something else,1123
bigram,customer support,1063
bigram,pay cut,1055
bigram,utm medium,1052
bigram,office can,1051
bigram,find something,1018
bigram,remove post,1003
bigram,rules sub,997
bigram,please remove,993
bigram,i'm looking,990
bigram,i've seen,985
bigram,hey everyone,979
bigram,stay home,973
bigram,utm campaign,964
bigram,worked home,931
bigram,take care,931
bigram,virtual assistant,929
bigram,coffee shop,910
bigram,office home,878
bigram,care don't,862
bigram,commercial real,856
bigram,find new,845
bigram,looking new,841
bigram,find another,834
bigram,side hustle,828
bigram,red flag,828
bigram,home can,824
bigram,sub already,824
bigram,share utm,817
bigram,life balance,812
bigram,source referral,811
bigram,mercor list,810
bigram,i've worked,809
bigram,already talk,807
bigram,care excuses,804
bigram,worked office,799
bigram,offer letter,790
bigram,i've never,776
bigram,can home,771
bigram,big deal,764
bigram,don't understand,761
bigram,referral utm,752
bigram,small talk,745
bigram,can easily,743
bigram,can afford,742
bigram,doesn't mean,737
bigram,anything else,731
bigram,cost living,727
bigram,don understand,722
bigram,doesn mean,721
bigram,something similar,718
bigram,per hour,709
bigram,something can,709
bigram,love hear,696
bigram,company can,694
bigram,campaign referral,692
bigram,living room,689
bigram,team members,688
bigram,hours per,688
bigram,flexible hours,685
bigram,tips tricks,675
bigram,can start,668
bigram,walking pad,667
bigram,done home,665
bigram,medium share,663
bigram,mouse jiggler,659
bigram,i'm trying,655
bigram,trying find,650
bigram,miles away,650
bigram,productive home,648
bigram,save money,647
bigram,post welcome,642
bigram,it's hard,640
bigram,find board,632
bigram,gets done,630
bigram,find don't,622
bigram,helping find,615
bigram,voted rules,613
bigram,everything else,610
bigram,video calls,609
bigram,message compose,609
bigram,please take,608
bigram,little bit,607
bigram,since covid,607
bigram,board rules,607
bigram,rto mandate,606
bigram,doesn't matter,605
bigram,violating sub,604
bigram,worked remotely,602
bigram,sub clearly,599
bigram,talk helping,597
bigram,tricks find,596
bigram,clearly violating,595
bigram,board giving,595
bigram,excuses worse,595
bigram,worse excuse,595
bigram,giving tips,594
bigram,excuse please,594
bigram,office hours,588
bigram,i'm sorry,584
bigram,upper management,581
bigram,done remotely,580
bigram,leave house,578
bigram,face face,577
bigram,health insurance,577
bigram,walk around,569
bigram,welcome join,557
bigram,phone calls,557
bigram,rules please,557
bigram,hour commute,556
bigram,everyone office,554
bigram,take review,554
bigram,role future,553
bigram,can give,551
bigram,join talk,548
bigram,talk role,547
bigram,can change,545
bigram,never heard,544
bigram,review voted,544
bigram,rto mandates,542
bigram,open office,540
bigram,please contact,537
bigram,keyboard mouse,535
bigram,another country,535
bigram,money online,534
bigram,doesn matter,530
bigram,spend money,529
bigram,first place,528
bigram,making money,527
bigram,can handle,527
bigram,can try,526
bigram,can keep,525
bigram,thanks advance,523
bigram,action performed,522
bigram,high school,521
bigram,bot action,521
bigram,performed automatically,520
bigram,you're looking,517
bigram,zoom calls,510
bigram,currently looking,510
bigram,can imagine,509
bigram,project management,506
bigram,never worked,504
bigram,office chair,503
bigram,software engineer,495
bigram,good idea,494
bigram,someone can,494
bigram,multiple times,494
bigram,background noise,493
bigram,extra money,491
bigram,team building,491
bigram,came across,490
bigram,somewhere else,488
bigram,anyone can,488
bigram,it's good,487
bigram,questions concerns,487
bigram,office it's,486
bigram,wear tear,484
bigram,it's easy,481
bigram,quality life,480
bigram,earn money,478
bigram,social life,478
bigram,post bot,477
bigram,can ask,476
bigram,trying figure,475
bigram,moderators subreddit,474
bigram,best luck,473
bigram,automatically please,473
bigram,contact moderators,473
bigram,subreddit message,473
bigram,hard find,472
bigram,companies can,472
bigram,reddit user,470
bigram,can share,470
bigram,making sure,464
bigram,don't give,464
bigram,office every,464
bigram,went office,463
bigram,ask questions,462
bigram,every morning,461
bigram,office office,461
bigram,don't pay,460
bigram,might help,456
bigram,never office,456
bigram,old post,455
bigram,company policy,452
bigram,take advantage,452
bigram,full office,449
bigram,office workers,449
bigram,hybrid office,448
bigram,looking something,447
bigram,don give,443
bigram,game changer,443
bigram,around house,442
bigram,account new,442
bigram,least old,440
bigram,herman miller,440
bigram,works home,438
bigram,can check,437
bigram,can always,435
bigram,companies don't,432
bigram,new role,430
bigram,another state,430
bigram,it's worth,430
bigram,can leave,429
bigram,huge difference,428
bigram,company culture,428
bigram,couple hours,428
bigram,walk away,428
bigram,middle management,428
bigram,spend hours,426
bigram,can pay,426
bigram,don mind,425
bigram,accounts least,425
bigram,can look,424
bigram,every company,423
bigram,hours office,421
bigram,coming office,419
bigram,post automatically,419
